address,area,city,country,hotel_facilities,hotel_star_rating,point_of_interest,property_name,property_type,room_facilities,room_type
"15th Mile, N.H.21,Manali, District Kullu,Himachal Pradesh",kull,Manali,India,Doctor on Call|Dry Cleaning|Laundry Service Available|Lobby|Parking Facilities Available|Gardens|Dance Performances (on demand)|Catering|Multi Lingual Staff|Wake-up Call / Service|Suitable For Children|Kitchen available (home cook food on request)|Open Air Restaurant / Dining |Veg / Non Veg Kitchens Separate |Vegetarian Food / Jain Food Available|Car Rental|Taxi Services|Food Facility|Internet Access Free|Children's Park|Postal / Parcel Services| Cook Services|Air / Rail Booking|Courier Service|Guide / Sightseeing Service|Internet / Fax (Reception area only)|RO Water Purification System|Parking Facility|Internet Access|Restaurant|Room Service|Fire Exit Signs|Full Time Operation for All 7 Days|Porter Services Available|Security at All Hotel Entrances|Suites,4,Hadimba Temple|Naggar Village|Himalayan Nyingmapa Gompa|Tibetan Monasteries|Naggar|Van Vihar|Manali 1st Super Market|Manu Temple|Lady Willingdon Hospital|Chandrakhani Pass|Gadham Thekchhokling Gompa|Manali Bus Stand|Civil Hospital|Others|Arjun Gufa|Nehru Kund|Beas Kund|Club House,Baragarh Regency,Resort,"Room Service |Basic Bathroom Amenities|Cable / Satellite / Pay TV available|Ceiling Fan|Heating Facility (on request) |Internet Connection In Room|Telephone|Shower Facility Available|Breakfast Available (surcharge)| Hot / Cold Running Water|Housekeeping|Desk in Room|Extra Bed, Towels, Linens, Bedding (on request)|Window Opens|Makeup / Shaving Mirror|Safe - In - Room |Hill View from all Rooms|HD / LCD Satellite TV |Sofa Table / Extra Seats |Private Garden|TV|Bathrobes|Mirror|Gas Cylinder - Chargeable|Luggage Rack|Attached Bathroom|Bedside Table|Clothes Hook in Bathroom|Complete Bedding|Daily Room Cleaning|Dustbins|Extra Toilteries on Demand|Modern Toilet Facilities|Room Door Fitted with Lock and Key|Room with Window/Ventilation|Rooms with Attached Bathrooms|Sufficient Lighting|Western Toilet Seat|Breakfast chargeable",Deluxe Room
"A-585, Sushant Lok-1 ,Near Iffco Chowk Metro Station, Gurgaon",Sushant Lok,Gurgaon,India,Airport Transfer Available / Surcharge|Banquet Facilities|Business Center |Currency Exchange|Doctor on Call|Health Club / Gym Facility Available|Laundry Service Available|Lift / Elevator|Lobby|Parking Facilities Available|Front Desk|Locker Facility|Major Credit Cards Accepted|24 Hour Front Desk|Luggage Storage|Power Backup,5,Sushant Lok|Sahara Mall|Amity International School,Asian Suites A- 585,Guest House,"Room Service |Air Conditioning |Basic Bathroom Amenities|Cable / Satellite / Pay TV available|Ceiling Fan|Hairdryer (on request)|Tea Coffee Kettle / Maker|Internet Connection In Room|Telephone|Breakfast Available (surcharge)|Newspapers|Mineral Water| Hot / Cold Running Water|Housekeeping|Extra Bed, Towels, Linens, Bedding (on request)|Breakfast Available|Makeup / Shaving Mirror|Coffee Table|Snacks / Beverage|TV|Room Heater|Mirror|Mini Refrigerator|Utensils (on request)|Attached Bathroom",Deluxe Room With Free WIFI
"Cobra Vaddo,Calungate Baga Road, Bardez, Calangute, Goa",Calangute,Goa,India,Swimming Pool|Bar / Lounge |Laundry Service Available|Multi Cuisine Restaurant,3,"Anjuna Beach|Calangute Beach|Titos lane, baga|Baga Beach|Calangute Area|North Goa|Calangute Bus Stand|Candolim Beach",Bevvan Resort,Resort,Room Service |Air Conditioning |Cable / Satellite / Pay TV available|Ceiling Fan|Telephone|Mineral Water| Hot / Cold Running Water|Housekeeping|Desk in Room|Window Opens|Makeup / Shaving Mirror|HD / LCD Satellite TV |Sofa Table / Extra Seats |Split A.C's|Mirror|Mini Refrigerator|Luggage Rack|Attached Bathroom,Standard Room
Simsa,Simsa,Manali,India,Doctor on Call|Dry Cleaning|Laundry Service Available|Parking Facilities Available|Local Tour / Travel Desk|Car Rental,4,The Mall|Tibetian Monastery|Vashisht Hot Baths|Jagatsuhk|Village Simsa|Chandrakhani Pass|Manali 1st Super Market,Apple Inn Cottage,Cottage,Basic Bathroom Amenities|Cable / Satellite / Pay TV available|Heating Facility (on request) |Telephone| Hot / Cold Running Water,Deluxe Room
"8180 Street No.-6,Arakashan Road,Paharganj",Paharganj,Delhi,India,Internet Access - Surcharge|Laundry Service Available|Parking Facilities Available|Multi Cuisine Restaurant |Local Tour / Travel Desk|Medical Assistance Available|Power Backup,5,Gaffar Market|YMCA Institute|Agrasen Boali|Chandni Chowk|Shivaji Stadium|Paharganj|Jantar Mantar|Talkatora Indoor Stadium|Central Delhi|Ajmeri Gate|Karnail Singh Stadium,Anmol Hotel Pvt.Ltd,Hotel,Basic Bathroom Amenities|Cable / Satellite / Pay TV available|Ensuite / Private Bathroom|Telephone| Hot / Cold Running Water|Mirror,Standard Room Non AC
"Baga Beach, Calangute, Goa",Baga,Goa,India,Airport Transfer Available / Surcharge|Bar / Lounge |Internet Access - Surcharge|Laundry Service Available|Lobby|Non Smoking Rooms|Parking Facilities Available|Front Desk|Locker Facility|24 Hour Front Desk|Doorman|Power Backup|Newspapers In Lobby|Family Room|Room Service (24 Hours),3,"North Goa|Calangute Beach|Baga Area|Anjuna Beach|Titos lane, baga|Baga Beach|Calangute Bus Stand|Anjuna Beach Bus Stop",Baia Do Sol (A Boutique Beach Resort),Resort,,Semi Deluxe
"K-69, Kalkaji",Kalkaji,Delhi,India,Doctor on Call|Lobby|Front Desk|Power Backup|Internet Access Free|Newspapers In Lobby,2,Tughlakabad Fort|South Delhi|Masjid Moth|IIBMS|Lotus Temple|District Court Saket|Lajpat Nagar Market|Indraprastha Apollo Hospitals|Jamia Millia Islamia|Moolchand Medcity|ISKCON Temple|Lajpat Nagar|Batra Hospital &amp; Medical Research Centre|Fortis La Femme|Fortis Escorts Heart Institute &amp; Research Centre|Pushpawati Singhania Research Institute|Siri Fort|Kalkaji|Batra Hospital & Medical Research Centre|Fortis Escorts Heart Institute & Research Centre,Balaji Residency,Hotel,Basic Bathroom Amenities|Hairdryer (on request)|Internet Connection In Room| Hot / Cold Running Water|Housekeeping|Makeup / Shaving Mirror|Attached Bathroom,Deluxe A/C Room
"2638-2642 Gurudwara Road,Karol Bagh",Karol Bagh,Delhi,India,Banquet Facilities|Barbecue Area|Business Center |Concierge|Currency Exchange|Doctor on Call|Dry Cleaning|Laundry Service Available|Lift / Elevator|Lobby|Non Smoking Rooms|Parking Facilities Available|Front Desk|Multi Cuisine Restaurant |Locker Facility|Secretarial Services|Local Tour / Travel Desk|Major Credit Cards Accepted|24 Hour Front Desk|Luggage Storage|Doorman|Medical Assistance Available|Air-Conditioning - Central|Welcome Drinks|Power Backup|Audio - Visual Equipment|Multi Lingual Staff|Wake-up Call / Service|Suitable For Children|Separate Sitting Area|Coffee Shop / Cafe|Conference Facility |ATM / Banking|Veranda|Open Air Restaurant / Dining |Veg / Non Veg Kitchens Separate |Vegetarian Food / Jain Food Available|Car Rental|Express Laundry|Water Dispenser Available|Taxi Services|Board Room|Rooftop Garden|Food Facility| Drivers Rest Room|Internet Access Free|Newspapers In Lobby|Family Room|Room Service (24 Hours)|STD / ISD|Baggage Room|Adjoining Rooms|RO Water Purification System|Outdoor Parking - Secured|Parking Facility|Internet Access|Restaurant|Room Service|CCTV|Full Time Operation for All 7 Days|Paid Transfers|Pest Control Facility|Public Restrooms|Stamps and Mailing Facility,3,International Airport|Domestic Airport|New Delhi Railway Station|India Gate|Red Fort|Lotus Temple|Nehru Place|Connaught Place|Jantar Mantar|Qutab Minar|Gurgaon|Birla Mandir|Karol Bagh Metro Station|Noida|Liberty Theatre|Jhandewalan Mandir|Gaffar Market|Shivaji Stadium|Karol Bagh Area|Talkatora Indoor Stadium|Sarai Rohilla Station|Ajmeri Gate|Karnail Singh Stadium|West Delhi,BB Palace-A Boutique Hotel,Hotel,Room Service |Air Conditioning |Ensuite / Private Bathroom|Hairdryer (on request)|Tea Coffee Kettle / Maker|Mini bar - On Charge |Internet Connection In Room|Telephone|Voicemail|Shower Facility Available|Newspapers|Reading Lamps|Shower Caps Available|Mineral Water|Premium Beddings / Hypo-Allergenic | Hot / Cold Running Water|Housekeeping|Desk in Room|Breakfast Available|Window Opens|Makeup / Shaving Mirror|Wardrobe|HD / LCD Satellite TV |Sofa Table / Extra Seats |Bathrobes|Mirror|Luggage Rack,Club Room
"85, gomes defence, III rd Avenue, vaishali nagar, Jaipur, Rajasthan",vaishali nagar,Jaipur,India,Doctor on Call|Lobby|Front Desk|Local Tour / Travel Desk,5,Others|K.L. Saini Stadium|BAPS Shri Swaminarayan Mandir,Art Inn Homestay,Homestay,Room Service |Air Conditioning |Cable / Satellite / Pay TV available|Ceiling Fan|Mineral Water|Attached Bathroom,Standared Room
51 Amri Nagar south ex,South Extension,Delhi,India,Doctor on Call|Front Desk|24 Hour Front Desk,5,Safdarjung Station|Hungary Embassy|Dilli Haat|AIIMS|R. K. Khanna Tennis Stadium|Khan Market|ISKCON Temple|AASHLOK Hospital|Thyagaraj Sports Complex|Japanese Embassy|INA Market|French Cultural Center in India|South Extension|Hauz Khas|Lajpat Nagar Market|Embassy of Spain|Lajpat Nagar|Lodhi Gardens|Metro Station Hauz Khas|Deer Park|Embassy of The Arab Republic of Egypt|Masjid Moth|Hazrat Nizammudin Railway Station|Ethiopia Embassy|Humayuns Tomb|Jawaharlal Nehru Stadium|Moolchand Medcity|Sarojini Nagar Market|Safdarjang Hospital|Embassy of Israel|Siri Fort|Brazil Embassy,Arjun Homestay,Homestay,Room Service |Basic Bathroom Amenities,Deluxe
"Ashirwad Enclave, Lakhimi Path, Jonali, R.G.Baruah Road,",Baruah Road,Guwahati,India,Business Center |Doctor on Call|Dry Cleaning|Laundry Service Available|Parking Facilities Available|Welcome Drinks|Power Backup|Gardens|Conference Facility |Kitchen available (home cook food on request)|Car Rental|Board Room|Internet Access Free|Newspapers In Lobby|Children's Park| Cook Services|Parking Facility|Room Service,4,Rg Baruah Road|Nehru Stadium|Guwahati Railway Station|Assam State Museum|Guwahati Planetarium,Ashirwad Homestay,Hotel,Room Service |Basic Bathroom Amenities|Ceiling Fan|Tea Coffee Kettle / Maker|Mirror,Deluxe Ac Suite with Kitchentte
"Near Botanical Garden Metro Station,Sec  -  46",metro,NOIDA,India,Airport Transfer Available / Surcharge|Doctor on Call|Dry Cleaning|Internet Access - Surcharge|Lift / Elevator|Lobby|Parking Facilities Available|Front Desk|Local Tour / Travel Desk|24 Hour Front Desk|Power Backup|Extra Person / Child - Share the same room|Internet Access Free|Newspapers In Lobby|Room Service (24 Hours)|Parking Facility,4,The Great India Place|Worlds of Wonder|Botanical Garden Metro Station|Noida Golf Course Metro Station|Shipra Mall|Others,Apna Ghar- Sector 46,Guest House,Air Conditioning |Basic Bathroom Amenities|Cable / Satellite / Pay TV available|Ensuite / Private Bathroom|Iron / Ironing board available|Tea Coffee Kettle / Maker|Internet Connection In Room|Telephone|Safe - In - Room,Deluxe Room
"429, Sector-6, Rohini, Near Vidha Jain Public School",Rohini,Delhi,India,Doctor on Call|Parking Facilities Available|Front Desk|Power Backup|Smoking Area |Internet Access Free|Courier Service|Parking Facility|Room Service,3,North Delhi|Parsavnath Mall Rohini|Metro Walk|Rohini|Jaipur Golden Hospital|Dr. Baba Saheb Ambedkar Hospital,Baba Guest House,Guest House,Air Conditioning |Basic Bathroom Amenities|Cable / Satellite / Pay TV available|Ceiling Fan|Internet Connection In Room|Telephone|Newspapers| Hot / Cold Running Water|Housekeeping|Desk in Room|Toiletries|Window Opens|TV|Mirror|Daily Room Cleaning|Dustbins|In-room Storage Space|Sufficient Lighting|Western Toilet Seat,Standard Room
"Village Gurdorh, Naggar Road, Manali,Distt. Kullu Himachal Pradesh",Naggar Road,Manali,India,Doctor on Call|Lobby|Parking Facilities Available|Front Desk|24 Hour Front Desk|Gardens,4,Naggar Road|Manali 1st Super Market|Chandrakhani Pass|Vashist Hot Water Springs and Temples,Baragarh Villa,Villa,Room Service |Air Conditioning |Cable / Satellite / Pay TV available|Ceiling Fan|Mineral Water|Attached Bathroom,Royal Suite
"Titawada, Nerul Bardez Goa",Candolim ,Goa,India,,2,Vintage Hospital And Medical Research Centre|Sinquerim Beach|Shanta Durga Temple|Chichekade Bus Stop|Candolim Bus Stop|Candolim Area|Fort Aguada|Miramar Beach|Kala Academy|North Goa|Candolim Beach,Annapurna Guest House,Guest House,Air Conditioning |Ceiling Fan|Full Kitchen|Refrigerator|Shower Facility Available| Hot / Cold Running Water|Breakfast Available|Coffee Table|Split A.C's|TV|Mirror|Utensils (on request)|Gas Cylinder - Chargeable|Attached Bathroom,AC 1 BHK
"Plot No:2,Elcot Avenue,Rajiv Gandhi Road,(OMR),Near Sozhanganallur Signal, before aavin milk factory",Thuraipakkam,Chennai,India,Internet Access - Surcharge|Laundry Service Available|Lift / Elevator|Parking Facilities Available|Front Desk|Locker Facility|Power Backup|Internet Access Free|Room Service (24 Hours)|Outdoor Parking - Secured,2,Thuraipakkam,ARAVINDAR RESIDENCY,Hotel,Air Conditioning |Basic Bathroom Amenities|Ceiling Fan|Ensuite / Private Bathroom| Hot / Cold Running Water|Housekeeping|Toiletries|TV|Mirror,Deluxe Room
"Chitrasani Village, Off. Abu-Palanpur Highway No. 14, Banaskantha, Gujarat",Banaskantha,Chitrasani,India,Banquet Facilities|Doctor on Call|Internet Access - Surcharge|Laundry Service Available|Lift / Elevator|Lobby|Parking Facilities Available|Front Desk|Locker Facility|Major Credit Cards Accepted|Doorman|Wake-up Call / Service|Car Rental|Guide / Sightseeing Service|Room Service,3,Banaskantha,Balaram Palace Resort,Palace,Room Service |Air Conditioning |Basic Bathroom Amenities|Cable / Satellite / Pay TV available|Telephone|Shower Facility Available| Hot / Cold Running Water|Housekeeping|Toiletries|Safe - In - Room |Wardrobe|HD / LCD Satellite TV |Mirror|Dressing Area|Luggage Rack|Attached Bathroom|Complete Bedding|Curtains/Shades|Daily Room Cleaning|Do-Not-Disturb Notice|Dustbins|Extra Toilteries on Demand|Sufficient Lighting|Western Toilet Seat,Royal Tent
"Village Savti, Dharampuri, P.O. Daulatpura, Distt. Khandar",Ranthambhore,Sawai Madhopur,India,Doctor on Call|24 Hour Front Desk|Room Service (24 Hours)|Room Service|CCTV,5,Ranthambhore,Bhadrawati Safari Lodge,Lodge,Air Conditioning |Basic Bathroom Amenities|Cable / Satellite / Pay TV available|Telephone|Newspapers,Luxury Room
"NT Mall Road, Dalhousie ,176304(HP)",The Mall,Dalhousie,India,Doctor on Call|Laundry Service Available|Lift / Elevator|Parking Facilities Available|Front Desk|Power Backup|Campfire / Bon Fire|Internet Access Free|Outdoor Parking - Secured|Room Service|First-Aid Kit at Front Desk|Public Restrooms|Speciality Restaurant |Suites,3,Dainkund Peak|Rang Mahal|The Mall,AS Clarks inn,Hotel,Room Service |Basic Bathroom Amenities|Cable / Satellite / Pay TV available|Video/ DVD/ CD Player Available|Ceiling Fan|Telephone,Deluxe
"Mullassery Building, Near Pallathuruthy Bridge, AC Road, Alleppey, Kerala, 688003",Pallathuruthy,Alleppey,India,Doctor on Call,4,Champakulam Church|Alleppey Railway Station|Others|Alleppey Beach,"Beautiful Alleppey Tours Two Bedroom, Alleppey",Houseboat,,Deluxe Room
Sinhgad road pune,Pune Bangalore Highway,Pune,India,Business Center |Parking Facilities Available|24 Hour Front Desk|Internet Access Free|Room Service (24 Hours)|Outdoor Parking - Secured|Parking Facility|Suites,5,Chaitanya Hospital|Lokmanya Hospitals Joint Replacement Center|Mai Mangeshkar Hospital|Deenanath Mangeshkar Hospital|saras baug|Pune Bangalore Highway|Anandibai Narhar Gadgil Hospital|Krishna Hospital|Parvati Hill|Cipla Cancer &amp; Aids Foundation Care &amp; Training Center|Cipla Cancer & Aids Foundation Care & Training Center,Ashiyana,Homestay,,Double Room
"Railway Station Rd,NEAR SHIVAJI STATUE,NANDED,MAHARASHTRA.",Railway Station Rd,Nanded,India,Business Center |Doctor on Call|Laundry Service Available|24 Hour Front Desk|Power Backup|Room Service|CCTV,4,Railway Station Rd|Shri Guru Gobind Singh Ji Airport,ASHIRWAD LODGING,Hotel,,NON AC DELUXE
"Dadanpatrabar, Mandarmani.",Beach Road,Mandarmani,India,Doctor on Call|Laundry Service Available|Parking Facilities Available|Front Desk|Multi Cuisine Restaurant |Power Backup|Gardens|Room Service,5,Beach Road|Mandarmani Beach,Aqua Marina Drive Inn,Resort,Air Conditioning |Cable / Satellite / Pay TV available|Attached Bathroom,Aqua Super Royal AC (1st &amp; 2nd Floor with Sea View)
"Nagalore road  Opp petrol bunk,",Yercaud Main Town,Yercaud,India,Business Center |Laundry Service Available|Lobby|Parking Facilities Available|Front Desk|Multi Cuisine Restaurant |24 Hour Front Desk|Power Backup|Gardens|Room Service (24 Hours)|STD / ISD|Parking Facility,4,Arthur Seat|Yercaud Main Town|Killiyur Falls,Annai Illam Guest House,Guest House,Room Service |Telephone|Newspapers|Mineral Water| Hot / Cold Running Water|Housekeeping|Breakfast Available|Toiletries|HD / LCD Satellite TV |Mirror|Attached Bathroom,Triple bed room
"Shuru, PO Prini, Manali",Village Prini,Manali,India,Doctor on Call|Laundry Service Available|Parking Facilities Available|Front Desk|Local Tour / Travel Desk|Gardens|Picnic Area|Open Air Restaurant / Dining | Bike on Rent|Vegetarian Food / Jain Food Available|Taxi Services|Campfire / Bon Fire|Internet Access Free|Outdoor Parking - Secured|Restaurant|Room Service,5,Hadimba Temple|Himalayan Nyingmapa Gompa|Vashist Hot Water Springs and Temples|Tibetan Monasteries|Van Vihar|Village Prini|Manu Temple|Lady Willingdon Hospital|Chandrakhani Pass|Manali Bus Stand|Civil Hospital|Manali 1st Super Market|Club House,Bella Marina Villa,Hotel,Room Service |Basic Bathroom Amenities|Ceiling Fan|Ensuite / Private Bathroom| Hot / Cold Running Water|Housekeeping|Desk in Room|Breakfast Available|Toiletries|TV|Mirror|Daily Room Cleaning|Dustbins,Deluxe Room
"plot no 56, ghata village, gurgaon",Others,Gurgaon,India,Doctor on Call|Parking Facilities Available|Power Backup|Fire Safety|Fire Exit Signs|First-Aid Kit at Front Desk,4,Others|Amity International School,ATOM Guest House,Guest House,Air Conditioning |Bathrobe (on request) |Basic Bathroom Amenities|Cable / Satellite / Pay TV available|Ceiling Fan|Telephone|Shoe Shine| Hot / Cold Running Water|Housekeeping|Desk in Room,Standard Room
"Bendemeer Group of House boat, Ghat No 7, Boulevard Road, Srinagar, Jammu and Kashmir",Dal Lake Area,Srinagar,India,Currency Exchange|Doctor on Call|Laundry Service Available|Front Desk|Local Tour / Travel Desk|Luggage Storage|Medical Assistance Available|Power Backup|Gardens|Dance Performances (on demand)|Suitable For Children|Separate Sitting Area|Smoking Area |Extra Person / Child - Share the same room|Internet Access Free|Family Room|Air / Rail Booking|Baggage Room|Adjoining Rooms|Outdoor Parking - Secured|Room Service|Paid Transfers|Security at All Hotel Entrances|Suites,2,Dastgir Sahib|Dal Lake Area,Bendmeer Group of House Boat and Resorts,Houseboat,"Basic Bathroom Amenities|Ceiling Fan|Hairdryer (on request)|Refrigerator|Mineral Water|Housekeeping|Extra Bed, Towels, Linens, Bedding (on request)|Breakfast Available|Slippers|Premium Amenities / Toiletries|Handheld Showers|Coffee Table|Wardrobe|International Switch Plugs (on request)|TV|Room Heater|Mirror|Luggage Rack|Bathtub|Closet|Bedside Table|Clothes Hook in Bathroom|Daily Room Cleaning|Room with Window/Ventilation|Sanitary Bin|Sufficient Lighting|Western Toilet Seat",Super Deluxe
"Gat no 1000, At post Dapode Khariv Bandhara, Taluka Velhe",Others,Pune,India,Doctor on Call|Parking Facilities Available|Front Desk,3,Others,Balaji Resorts,Resort,"Room Service |Basic Bathroom Amenities|Ceiling Fan|Newspapers|Reading Lamps|Mineral Water| Hot / Cold Running Water|Extra Bed, Towels, Linens, Bedding (on request)|Makeup / Shaving Mirror|TV|Mirror|Luggage Rack|Attached Bathroom|Bedside Table|Clothes Hook in Bathroom|Complete Bedding|Daily Room Cleaning|Dustbins|Rooms with Attached Bathrooms|Sufficient Lighting",delux room
Near Central St Stand,Parshuram,Chiplun,India,Doctor on Call|Internet Access - Surcharge|Laundry Service Available|Parking Facilities Available|Front Desk|24 Hour Front Desk|Room Service|Fire Safety,4,Sawatsada Waterfall|Parshuram|Walavalkar Shivaji Museum,Asha Sukha Nivas Laudge,Lodge,Room Service |Alarm Clock|Basic Bathroom Amenities|Cable / Satellite / Pay TV available|Video/ DVD/ CD Player Available|Ceiling Fan|Radio|Telephone|Toiletries,Aircooled
"Road No. 2, Central Avenue,Kalyani Nagar",Kalyani Nagar,Pune,India,Airport Transfer Available / Surcharge|Business Center |Concierge|Doctor on Call|Dry Cleaning|Internet Access - Surcharge|Laundry Service Available|Lift / Elevator|Lobby|Parking Facilities Available|Front Desk|Locker Facility|Local Tour / Travel Desk|24 Hour Front Desk|Medical Assistance Available|Power Backup|Gardens|Smoking Area |Shopping Drop Facility (on fixed timings)|Internet Access Free|Newspapers In Lobby|Airport Transfer Free|Outdoor Parking - Secured|Parking Facility,4,Aga Khan Palace|Kalyani Nagar|Poona Club Golf Course|Pune Airport|Osho Ashram,AR Suites Fontana Bay,Service Apartment,Room Service |Air Conditioning |Basic Bathroom Amenities|Cable / Satellite / Pay TV available|Ceiling Fan|Ensuite / Private Bathroom|Hairdryer (on request)|Iron / Ironing board available|Tea Coffee Kettle / Maker|Kitchenette|Mini bar - On Charge |Internet Connection In Room|Refrigerator|Telephone|Shower Facility Available|Newspapers|Reading Lamps| Hot / Cold Running Water|Housekeeping|Desk in Room|Toiletries|Window Opens|Makeup / Shaving Mirror|Premium Amenities / Toiletries|Coffee Table|TV|Mirror|Attached Bathroom,1 Bedroom
"Village Simsa, Kanyal Road",Village Simsa,Manali,India,Banquet Facilities|Business Center |Doctor on Call|Laundry Service Available|Lobby|Parking Facilities Available|Front Desk|Multi Cuisine Restaurant |Local Tour / Travel Desk|Major Credit Cards Accepted|24 Hour Front Desk|Medical Assistance Available|Welcome Drinks|Power Backup|Gardens|Catering|Suitable For Children|Grocery|Conference Facility |Kitchen available (home cook food on request)|Massage Services |Discotheque | Bike on Rent|Veg / Non Veg Kitchens Separate |In House Events |Vegetarian Food / Jain Food Available|City Shuttle Service|Campfire / Bon Fire|Food Facility|Internet Access Free|Newspapers In Lobby|Room Service (24 Hours)|Spa Services Nearby| Cook Services|Air / Rail Booking|Internet / Fax (Reception area only)|Outdoor Parking - Secured|Parking Facility,3,Village Simsa|Chandrakhani Pass|Manali 1st Super Market,Atithi Cottages,Hotel,"Room Service |Air Conditioning |Balcony / Terrace|Basic Bathroom Amenities|Ceiling Fan|Ensuite / Private Bathroom|Heating Facility (on request) |Iron / Ironing board available|Kitchenette|Mini bar - On Charge |Shower Facility Available|Breakfast Available (surcharge)|Premium Beddings / Hypo-Allergenic | Hot / Cold Running Water|Housekeeping|Desk in Room|Extra Bed, Towels, Linens, Bedding (on request)|Toiletries|Window Opens|Makeup / Shaving Mirror|Sofa Cum Bed Available|Primium Bathrooms|Hill View from all Rooms|Coffee Table|Wardrobe|Private Garden|TV|Room Heater|Mirror|Luxurious Feather Mattresses|Gas Cylinder - Chargeable|Dressing Area|Attached Bathroom",Luxury Room
"# 598, 15th Cross, 35th Main,6th Phase, JP Nagar",Jp Nagar,Bangalore,India,Airport Transfer Available / Surcharge|Bar / Lounge |Health Club / Gym Facility Available|Internet Access - Surcharge|Laundry Service Available|Lift / Elevator|Parking Facilities Available|Front Desk|Multi Cuisine Restaurant |Locker Facility|Power Backup|Internet Access Free|Room Service (24 Hours)|Outdoor Parking - Secured|Parking Facility,4,Lal Bagh Botanical Garden|THE BULL TEMPLE|Apollo Hospitals|Spices Board Regional Office|Sagar Hospitals|Bangalore Water Supply &amp; Sewerage Board|ICFAI University|Rajiv Gandhi University of Health Sciences|Rajiv Gandhi Institute of Chest Diseases|Jayanagar Bus Stop|Sri Jayadeva Institute of Cardiovascular Sciences and Research|HSBC Bus Stop|Jp Nagar|Sree Tirumalagiri Lakshmi Venkateshwara Devasthanam|Fortis Hospital|Sanjay Gandhi Accident Hospital and Research Institute|Gangamma temple|Royal Meenakshi Mall|Jayanagar Metro Station|Indira Gandhi Institute Of Child Health Hospital|Bangalore Water Supply & Sewerage Board,Aurick Hotel,Hotel,"Room Service |Air Conditioning |Bathrobe (on request) |Basic Bathroom Amenities|Cable / Satellite / Pay TV available|Hairdryer (on request)|Iron / Ironing board available|Tea Coffee Kettle / Maker|Mini bar - On Charge |Internet Connection In Room|Telephone|Remote Controlled Lights and Fan|Shower Facility Available|Breakfast Available (surcharge)|Newspapers|Reading Lamps|Shower Caps Available|Mineral Water|Shoe Shine| Hot / Cold Running Water|Housekeeping|Desk in Room|Extra Bed, Towels, Linens, Bedding (on request)|Breakfast Available|Toiletries|Window Opens|Slippers|Premium Amenities / Toiletries|Shaving Kit /Dental Kit|Moisturiser|Handheld Showers|Safe - In - Room |Coffee Table|Wardrobe|HD / LCD Satellite TV |Sofa Table / Extra Seats |Snacks / Beverage|International Switch Plugs (on request)|Soundproof Windows|TV|Mirror|Mini Refrigerator|Utensils (on request)|Luggage Rack|Attached Bathroom",Premium Room
"Near Bus Stand, Station Road, Bagalkot, Karnataka PIN 587101",Near Bus Stand,Bagalkot,India,Doctor on Call|Lobby|Non Smoking Rooms|Front Desk|24 Hour Front Desk|Power Backup,1,Near Bus Stand,Anugraha Deluxe Hotel,Hotel,Room Service |Cable / Satellite / Pay TV available|Video/ DVD/ CD Player Available|Ceiling Fan|Ensuite / Private Bathroom|Heating Facility (on request) |Tea Coffee Kettle / Maker|Full Kitchen|Kitchenette| Hot / Cold Running Water|Housekeeping|Desk in Room|Toiletries,Non AC Room
"Near New Bus Terminal, Main Road,Kalpetta, Wayanad",Kalpetta,Wayanad,India,"Swimming Pool|Airport Transfer Available / Surcharge|Banquet Facilities|Business Center |Currency Exchange|Doctor on Call|Dry Cleaning|Health Club / Gym Facility Available|Internet Access - Surcharge|Lift / Elevator|Lobby|Parking Facilities Available|Front Desk|Multi Cuisine Restaurant |Locker Facility|Spa On Site - Chargeable|Local Tour / Travel Desk|Major Credit Cards Accepted|24 Hour Front Desk|Air-Conditioning - Central|Welcome Drinks|Power Backup|Express Check-In / Check-Out|Gardens|Wake-up Call / Service|Separate Sitting Area|Coffee Shop / Cafe|Electronic / Magnetic Keys|Fire Place Available |Wheelchair Accessibility - Room|Pick Up and Drop (Rly Station, Bus Stand, Temple)|Vegetarian Food / Jain Food Available|Village Visit ( Chargeable )|Car Rental|Taxi Services|Food Facility|Internet Access Free|Newspapers In Lobby|Party hall|Air / Rail Booking|Baggage Room|Guide / Sightseeing Service|Adjoining Rooms|Outdoor Parking - Secured|Parking Facility",4,Kalpetta,Best Western Plus Ekobarn,Hotel,"Room Service |Air Conditioning |Alarm Clock|Basic Bathroom Amenities|Cable / Satellite / Pay TV available|Hairdryer (on request)|Tea Coffee Kettle / Maker|Mini bar - On Charge |Internet Connection In Room|Refrigerator|Telephone|Shower Facility Available|Reading Lamps|Shower Caps Available|Mineral Water|Shoe Shine| Hot / Cold Running Water|Housekeeping|Desk in Room|Extra Bed, Towels, Linens, Bedding (on request)|Breakfast Available|Toiletries|Window Opens|Makeup / Shaving Mirror|Slippers|Premium Amenities / Toiletries|Shaving Kit /Dental Kit|Moisturiser|Safe - In - Room |Separate Bathtubs And Shower|Coffee Table|Wardrobe|HD / LCD Satellite TV |Sofa Table / Extra Seats |Split A.C's|International Switch Plugs (on request)|Soft Bar|TV|Mirror|Mini Refrigerator|Luggage Rack|Attached Bathroom",Premium Double Room with Breakfast
"Village Nadiali, P.O. Dharamgarh, Near Nabha Sabhib Gurudwara, Ajitgarh, Chandigarh",Others,Chandigarh,India,Swimming Pool|Bar / Lounge |Doctor on Call|Dry Cleaning|Laundry Service Available|Multi Cuisine Restaurant |Sauna|Conference Facility,5,Others|Krishna Market|Sector-43 Bus Stand|Mohali Cricket Stadium|Hockey Stadium,Aura Vaseela,Resort,Room Service |Air Conditioning |Cable / Satellite / Pay TV available|Ceiling Fan|Telephone|Mineral Water| Hot / Cold Running Water,Cottage Rooms
"Naddi, Dal Lake, Mcleod Ganj",Village Naddi,Mcleodganj,India,Doctor on Call|Dry Cleaning|Laundry Service Available|Lobby|Parking Facilities Available|Front Desk|Multi Cuisine Restaurant |Local Tour / Travel Desk|Coffee Shop / Cafe|Children's Park|Room Service (24 Hours),2,Dalai Lama Temple|Bhagsu Waterfall|Dharamkot|Pathankot|Bhagsunath Temple|Kangra|Dalhousie|Tapovan|McLeod Ganj|Dal Lake|Bajreshwari Devi Temple|Tibet Museum|Village Naddi|Triund trek from,Anupam Resorts,Resort,Basic Bathroom Amenities|Cable / Satellite / Pay TV available|Ensuite / Private Bathroom|Telephone| Hot / Cold Running Water,Deluxe Room
"Near La calypso casino, Saunta Waddo, Baga Beach",Baga Area,Goa,India,Airport Transfer Available / Surcharge|Internet Access - Surcharge|Laundry Service Available|Parking Facilities Available|Front Desk|Locker Facility|Luggage Storage|Power Backup|Smoking Rooms|Kitchen available (home cook food on request)| Bike on Rent|Car Rental|Taxi Services|Food Facility|Spa Services Nearby| Cook Services|Baggage Room|Outdoor Parking - Non Secured|Parking Facility|Room Service|CCTV,4,"North Goa|Anjuna Beach|Baga Area|Calangute Beach|Titos lane, baga|Baga Beach|Calangute Bus Stand|Anjuna Beach Bus Stop",Atharv Coastal End Guest House,Guest House,Split A.C's,Standard A/C Room
Badrish Hotal Near Tapowan Choki,Laxman Jhula Area,Rishikesh,India,Doctor on Call|Parking Facilities Available|Front Desk|Multi Cuisine Restaurant |Medical Assistance Available|Parking Facility|Room Service,2,Laxman Jhula Area|Triveni Ghat,Badrish,Hotel,Room Service |Basic Bathroom Amenities|Cable / Satellite / Pay TV available|Ceiling Fan|Telephone| Hot / Cold Running Water|Housekeeping,Deluxe Ac Room
"Adjacent Chakravarthy Theater, KPT St, Siva Nagar, Dharmavaram,Anantapu",Siva Nagar,Anantapur,India,Doctor on Call|Lobby|Front Desk|Local Tour / Travel Desk|24 Hour Front Desk|Luggage Storage|Power Backup|Room Service (24 Hours)|Parking Facility|Room Service,5,Siva Nagar,Balaji Inn,Hotel,Room Service |Air Conditioning |Alarm Clock|Bathrobe (on request) |Basic Bathroom Amenities|Ceiling Fan| Hot / Cold Running Water|Housekeeping|Desk in Room|Window Opens|Mirror|Rooms with Attached Bathrooms|Sanitary Bin|Sufficient Lighting,Suite Room
"Kilbury Forest Road,  Village Pangot, Nainital (approx 13Kms from Town)",Village Pangot,Nainital,India,Swimming Pool|Beauty Salon - on charge|Billiards|Bowling|Doctor on Call|Games Zone|Laundry Service Available|Lobby|Parking Facilities Available|Front Desk|Multi Cuisine Restaurant |Locker Facility|Non Smoking Hotel|Spa On Site - Chargeable|Table Tennis|24 Hour Front Desk|Doorman|Medical Assistance Available|Welcome Drinks|Power Backup|Gardens|Audio - Visual Equipment|Catering|Porter / Bellhop|Suitable For Children|Separate Sitting Area|Coffee Shop / Cafe|Conference Facility |Kitchen available (home cook food on request)|Multi - Line Phone|Pool Table|Discotheque |Clubhouse|Open Air Restaurant / Dining |Fun Floats|Veg / Non Veg Kitchens Separate |Vegetarian Food / Jain Food Available|Car Rental|Taxi Services|Board Room|Food Facility|Newspapers In Lobby|Postal / Parcel Services|Room Service (24 Hours)|Spa Services Nearby| Cook Services|Air / Rail Booking|Courier Service|Outdoor Parking - Secured|Parking Facility|Restaurant|Room Service|Fire Exit Signs|Full Time Operation for All 7 Days|Porter Services Available|Public Restrooms|Speciality Restaurant |Suites,4,,Ashokas Naini Chalet,Resort,Room Service |Air Conditioning |Alarm Clock|Basic Bathroom Amenities|Cable / Satellite / Pay TV available|Crockery / Cutlery|Hairdryer (on request)|Telephone|Shower Facility Available|Breakfast Available (surcharge)|Newspapers|Shower Caps Available|Mineral Water| Hot / Cold Running Water|Housekeeping|Breakfast Available|Toiletries|Window Opens|Sofa Cum Bed Available|Primium Bathrooms|Shaving Kit /Dental Kit|Safe - In - Room |Coffee Table|Wardrobe|HD / LCD Satellite TV |Sofa Table / Extra Seats |TV|Bathrobes|Mirror|Luggage Rack|Attached Bathroom|Daily Room Cleaning|Do-Not-Disturb Notice|Modern Toilet Facilities|Western Toilet Seat,chalet
"#1, V H Road, Palakkad 678701",English Church Road,Palakkad,India,Doctor on Call|Dry Cleaning|Parking Facilities Available|Front Desk|Locker Facility|24 Hour Front Desk|Luggage Storage|Internet Access Free|Newspapers In Lobby|Room Service (24 Hours)|Parking Facility|Internet Access|Room Service|Fire Safety|CCTV|Fire Exit Signs|First-Aid Kit at Front Desk|Public Restrooms,3,Palakkad Fort|Thiruvalathoor Shiva Temple|Kalpathy Temple|English Church Road|Jain Temple,Apex Residency,Hotel,"Room Service |Basic Bathroom Amenities|Cable / Satellite / Pay TV available|Telephone|Newspapers|Reading Lamps|Mineral Water| Hot / Cold Running Water|Housekeeping|Desk in Room|Extra Bed, Towels, Linens, Bedding (on request)|Toiletries|TV|Mirror|Luggage Rack|Attached Bathroom|Curtains/Shades|Daily Room Cleaning|Do-Not-Disturb Notice|Dustbins|In-Room Safe",Standard Room
"S.N Junction, Punnamada, Alappuzha",Finishing Point Road,Alleppey,India,Power Backup|Fire Safety,4,Finishing Point Road|Alleppey Railway Station|Champakulam Church|Alleppey Beach,Bens Houseboats 4 Bed Room A/c DLX (4),Houseboat,"Video/ DVD/ CD Player Available|Ceiling Fan|Kitchenette|Newspapers|Housekeeping|Extra Bed, Towels, Linens, Bedding (on request)|Toiletries|Air Cooler|Pillow menu|TV|Attached Bathroom|Daily Room Cleaning|Do-Not-Disturb Notice|Dustbins|Ice Bucket on Demand",4 Bed Room A/c DLX 8 PAX
shahi hamdan colony zukroo,zukroo,Srinagar,India,Ballroom|Parking Facilities Available|Front Desk|Parking Facility|Room Service|First-Aid Kit at Front Desk,4,Others,BE MY GUEST,Guest House,,deluxe room Double
"No.7.Dharga Road, Pallavaram,","Airport Area, Pallavaram",Chennai,India,Parking Facilities Available|Front Desk|Internet Access Free|Room Service (24 Hours)|Parking Facility,2,"Airport Area, Pallavaram|Chennai International Airport",AVNB Towers,Hotel,Room Service |Air Conditioning |Basic Bathroom Amenities|Telephone|Newspapers|Mineral Water| Hot / Cold Running Water|Housekeeping|Desk in Room|Breakfast Available|Toiletries|Coffee Table|HD / LCD Satellite TV |Mirror|Attached Bathroom,Executive Room
"No 6/16, munnekolalu extention, ashwathnagar, varthur hobli",Marathahalli,Bangalore,India,Laundry Service Available|Lift / Elevator|Parking Facilities Available|Front Desk|Locker Facility|Power Backup|Transfers Available|Internet Access Free|Room Service (24 Hours)|Outdoor Parking - Secured|Parking Facility|Room Service|Speciality Restaurant,5,Future Group Cosmos Mall|Marathahalli|Inorbit Mall|UIDAI Technology Center|Vydehi Institute of Medical Sciences &amp; Research Centre|Kalamandir Bus Stop|Bellandur Railway Station|Vydehi Institute of Medical Sciences & Research Centre,ATITHI RESIDENCY - MARTHAHALLI,Hotel,Room Service |Air Conditioning |Basic Bathroom Amenities|Cable / Satellite / Pay TV available|Video/ DVD/ CD Player Available|Ceiling Fan|Internet Connection In Room|Newspapers| Hot / Cold Running Water|Housekeeping|Breakfast Available|HD / LCD Satellite TV |TV|Mirror|Luggage Rack|Attached Bathroom|Dustbins,EXECUTIVE AC ROOM
"122 / 3, Near Bharma Temple",Brahma Temple,Pushkar,India,Doctor on Call|Multi Cuisine Restaurant,3,Pushkar Lake|Brahma Temple|Savitri Temple|Brahma Temple Area,AROMA,Hotel,Cable / Satellite / Pay TV available|Ensuite / Private Bathroom,NON Ac Room
"Gimhavne, Dapoli",Gihavane,Dapoli Camp,India,Doctor on Call|Parking Facilities Available|Front Desk|Power Backup|Gardens|Parking Facility|Room Service|Speciality Restaurant,5,Suvarnadurg and Kanakdurg Forts|Gihavane|Keshavraj|Kadyavarcha Ganpati,Bahar Homestay,Homestay,"Alarm Clock|Basic Bathroom Amenities|Cable / Satellite / Pay TV available|Ceiling Fan|Telephone| Hot / Cold Running Water|Housekeeping|Desk in Room|Extra Bed, Towels, Linens, Bedding (on request)|Moisturiser|TV|Mirror|Attached Bathroom|Clothes Hook in Bathroom|Dustbins",standard room
"Beach Road, Calicut Pin - 673 032 Kerala, India",Kappad Beach,Calicut,India,Doctor on Call|Dry Cleaning|Lift / Elevator|Lobby|24 Hour Front Desk|Room Service,3,Kappad Beach,BEACH HOTEL,Hotel,Room Service |Air Conditioning |Alarm Clock|Ceiling Fan|Clothes Dryer|Tea Coffee Kettle / Maker|Telephone|Toiletries,Palliyara with Beach View Balcony
"House No. 681/1 , Demello Vaddo,Anjuna Beach Road,4th lane left from Starco Junction,Anjuna- Goa.",Candolim,Goa,India,Doctor on Call|Internet Access - Surcharge|Parking Facilities Available,3,"Anjuna Beach|Calangute Beach|Titos lane, baga|Baga Beach|North Goa|Anjuna Beach Bus Stop|Candolim Area|Vagator Beach",Arjun Villa,Guest House,,Non AC Room
